id,receipt_id,agency_id,shipped_at,cases
1,1,nueva-vida,2026-06-03,4
2,2,nueva-vida,2026-06-03,2
3,3,nueva-vida,2026-06-03,5
4,1,redland-kitchen,2026-06-04,1
5,2,redland-kitchen,2026-06-04,1
6,3,redland-kitchen,2026-06-04,6
7,4,redland-kitchen,2026-06-04,4
8,3,cutler-bay-baptist,2026-06-05,2
9,4,cutler-bay-baptist,2026-06-05,2
10,4,naranja-esperanza,2026-06-06,2
11,4,florida-city-shelter,2026-06-07,1
12,1,goulds-mobile,2026-06-08,4
13,3,goulds-mobile,2026-06-08,5
14,5,goulds-mobile,2026-06-08,2
15,3,perrine-senior,2026-06-09,4
16,5,perrine-senior,2026-06-09,5
17,3,leisure-city-school,2026-06-10,2
18,7,leisure-city-school,2026-06-10,3
19,7,princeton-methodist,2026-06-11,4
20,1,palmetto-bay-community,2026-06-12,4
21,7,richmond-heights-ame,2026-06-13,4
22,3,homestead-bethel,2026-06-14,4
23,6,homestead-bethel,2026-06-14,1
24,9,homestead-bethel,2026-06-14,2
25,1,nueva-vida,2026-06-17,1
26,11,redland-kitchen,2026-06-18,2
27,2,princeton-methodist,2026-06-20,2
28,11,florida-city-shelter,2026-06-21,4
29,3,naranja-esperanza,2026-06-27,5
30,14,naranja-esperanza,2026-06-27,5
31,6,goulds-mobile,2026-06-29,6
32,7,nueva-vida,2026-07-01,2
33,10,nueva-vida,2026-07-01,4
34,10,princeton-methodist,2026-07-02,1
35,11,princeton-methodist,2026-07-02,5
36,16,princeton-methodist,2026-07-02,1
37,20,princeton-methodist,2026-07-02,5
38,18,redland-kitchen,2026-07-02,3
39,8,cutler-bay-baptist,2026-07-03,2
40,10,cutler-bay-baptist,2026-07-03,4
41,15,cutler-bay-baptist,2026-07-03,4
42,18,cutler-bay-baptist,2026-07-03,1
43,16,palmetto-bay-community,2026-07-03,3
44,3,florida-city-shelter,2026-07-05,2
45,7,florida-city-shelter,2026-07-05,5
46,11,homestead-bethel,2026-07-05,6
47,11,perrine-senior,2026-07-07,1
48,21,perrine-senior,2026-07-07,5
49,3,leisure-city-school,2026-07-08,1
50,15,leisure-city-school,2026-07-08,4
51,11,richmond-heights-ame,2026-07-11,1
52,19,richmond-heights-ame,2026-07-11,3
53,15,nueva-vida,2026-07-15,4
54,23,nueva-vida,2026-07-15,1
55,11,redland-kitchen,2026-07-16,3
56,12,redland-kitchen,2026-07-16,3
57,22,redland-kitchen,2026-07-16,6
58,26,naranja-esperanza,2026-07-18,4
59,15,florida-city-shelter,2026-07-19,3
60,24,florida-city-shelter,2026-07-19,3
61,27,florida-city-shelter,2026-07-19,5
62,18,goulds-mobile,2026-07-20,1
63,19,goulds-mobile,2026-07-20,5
64,21,princeton-methodist,2026-07-23,3
65,26,princeton-methodist,2026-07-23,3
66,30,princeton-methodist,2026-07-23,6
67,32,princeton-methodist,2026-07-23,5
68,9,palmetto-bay-community,2026-07-24,4
69,23,palmetto-bay-community,2026-07-24,5
70,32,palmetto-bay-community,2026-07-24,5
71,7,homestead-bethel,2026-07-26,1
72,32,nueva-vida,2026-07-29,2
73,13,redland-kitchen,2026-07-30,5
74,22,redland-kitchen,2026-07-30,2
75,35,redland-kitchen,2026-07-30,5
76,21,cutler-bay-baptist,2026-07-31,6
77,33,cutler-bay-baptist,2026-07-31,3
78,34,cutler-bay-baptist,2026-07-31,2
79,34,nueva-vida,2026-08-01,2
80,8,florida-city-shelter,2026-08-02,2
81,29,florida-city-shelter,2026-08-02,6
82,35,florida-city-shelter,2026-08-02,5
83,36,florida-city-shelter,2026-08-02,6
84,26,perrine-senior,2026-08-04,1
85,39,perrine-senior,2026-08-04,1
86,31,leisure-city-school,2026-08-05,4
87,25,naranja-esperanza,2026-08-08,1
88,16,richmond-heights-ame,2026-08-08,3
89,19,richmond-heights-ame,2026-08-08,6
90,30,richmond-heights-ame,2026-08-08,3
91,6,goulds-mobile,2026-08-10,1
92,35,goulds-mobile,2026-08-10,2
93,42,goulds-mobile,2026-08-10,6
94,41,nueva-vida,2026-08-12,6
95,19,princeton-methodist,2026-08-13,2
96,35,redland-kitchen,2026-08-13,2
97,27,palmetto-bay-community,2026-08-14,3
98,35,palmetto-bay-community,2026-08-14,1
99,41,palmetto-bay-community,2026-08-14,3
100,39,redland-kitchen,2026-08-14,5
101,34,leisure-city-school,2026-08-15,2
102,9,florida-city-shelter,2026-08-16,1
103,7,homestead-bethel,2026-08-16,2
104,48,goulds-mobile,2026-08-24,4
105,17,nueva-vida,2026-08-26,10
106,27,nueva-vida,2026-08-26,4
107,51,nueva-vida,2026-08-26,4
108,8,redland-kitchen,2026-08-27,2
109,24,redland-kitchen,2026-08-27,1
110,30,redland-kitchen,2026-08-27,1
111,15,cutler-bay-baptist,2026-08-28,4
112,33,cutler-bay-baptist,2026-08-28,4
113,7,naranja-esperanza,2026-08-29,6
114,16,naranja-esperanza,2026-08-29,5
115,23,naranja-esperanza,2026-08-29,2
116,10,florida-city-shelter,2026-08-30,3
117,36,florida-city-shelter,2026-08-30,2
118,51,florida-city-shelter,2026-08-30,1
119,12,goulds-mobile,2026-08-31,5
120,17,florida-city-shelter,2026-09-01,6
121,24,perrine-senior,2026-09-01,3
122,35,perrine-senior,2026-09-01,2
123,36,perrine-senior,2026-09-01,1
124,13,leisure-city-school,2026-09-02,2
125,29,leisure-city-school,2026-09-02,2
126,48,richmond-heights-ame,2026-09-02,3
127,53,princeton-methodist,2026-09-03,6
128,10,palmetto-bay-community,2026-09-04,1
129,17,perrine-senior,2026-09-04,6
130,54,richmond-heights-ame,2026-09-05,4
131,6,homestead-bethel,2026-09-06,3
132,38,homestead-bethel,2026-09-06,3
133,9,nueva-vida,2026-09-09,6
134,25,nueva-vida,2026-09-09,5
135,37,nueva-vida,2026-09-09,1
136,53,nueva-vida,2026-09-09,4
137,12,redland-kitchen,2026-09-10,6
138,27,redland-kitchen,2026-09-10,6
139,45,redland-kitchen,2026-09-10,2
140,59,redland-kitchen,2026-09-10,2
